id,uid,callsign,freq,snr,drift,grid,grid_lat,grid_lon,pwr_dbm,pwr_watt,rpt_grid,rpt_de,rpt_lat,rpt_lon,rpt_distance_km,reported_at,created_at
2120578,a46ab805d173f35dfbcb36a4393b26a5,LU1ESY,14.097,-25,1,GF42,-38,-52,40,10,GF05hi,LW8EXS,-34.6667,-59.4167,814,2020-10-28 16:32:00,2020-10-29 09:10:51
2120579,569019396feea6c2ab62e14bb1ecf4d0,LU1ESY,14.0971,-14,0,GF42,-38,-52,40,10,GG56tv,PY2SDR,-23.125,-48.4167,1623,2020-10-28 16:32:00,2020-10-29 09:10:51
2120580,feb65a6b4bc22d08f6b5f466ebd987a0,LU1ESY,14.0971,-21,0,GF42,-38,-52,40,10,GG56tv,PY2GN,-23.125,-48.4167,1623,2020-10-28 16:32:00,2020-10-29 09:10:51
2120575,ad3a2b14f497cd45f4f4b1aaa1f7d4e8,LU1ESY,14.0972,-19,0,GF41,-39,-52,40,10,GG56tv,PY2SDR,-23.125,-48.4167,1733,2020-10-28 16:44:00,2020-10-29 09:10:51
2120576,bdd935b5626b5601db2b1b4b34175c25,LU1ESY,14.0972,-26,0,GF41,-39,-52,40,10,GF05hi,LW8EXS,-34.6667,-59.4167,859,2020-10-28 16:44:00,2020-10-29 09:10:51
2120577,30c0bddf40cd573009f64d48c61bf8bf,LU1ESY,14.0972,-20,0,GF41,-39,-52,40,10,FF91up,LU3DJ,-38.375,-60.3333,806,2020-10-28 16:44:00,2020-10-29 09:10:51
2120571,aba546987e01d48e32eff5285dcb800c,LU1ESY,14.097,-26,-1,GF41,-39,-52,40,10,GF05te,LU7DSU,-34.8333,-58.4167,773,2020-10-28 16:56:00,2020-10-29 09:10:51
2120572,57d932e737dbafec77dba7c33911a004,LU1ESY,14.097,-16,-1,GF41,-39,-52,40,10,FF91up,LU3DJ,-38.375,-60.3333,806,2020-10-28 16:56:00,2020-10-29 09:10:51
2120573,3944a868c284545b2683785e261f26a9,LU1ESY,14.097,-21,0,GF41,-39,-52,40,10,GG56tv,PY2GN,-23.125,-48.4167,1733,2020-10-28 16:56:00,2020-10-29 09:10:51
2120574,7dc641ec560759f2afeff074599c5be5,LU1ESY,14.0971,-19,0,GF41,-39,-52,40,10,GG56tv,PY2SDR,-23.125,-48.4167,1733,2020-10-28 16:56:00,2020-10-29 09:10:51
2120569,399e498816a2db0cc77adac492d14805,LU1ESY,14.0971,-16,0,GF41,-39,-52,40,10,FF91up,LU3DJ,-38.375,-60.3333,806,2020-10-28 17:10:00,2020-10-29 09:10:51
2120570,ff5b9b6cc7d85bb26b60d42f4b62ce3d,LU1ESY,14.0972,-19,1,GF41,-39,-52,40,10,GG56tv,PY2SDR,-23.125,-48.4167,1733,2020-10-28 17:10:00,2020-10-29 09:10:51
2120563,81f44768b0278a552887a4d70c39678b,LU1ESY,14.0971,-15,0,GF41,-39,-52,40,10,FF91up,LU3DJ,-38.375,-60.3333,806,2020-10-28 17:22:00,2020-10-29 09:10:51
2120564,a66fc222269c4f44287842dd8aab3ea5,LU1ESY,14.0971,-22,1,GF41,-39,-52,40,10,GF05sk,LU5CQC,-34.5833,-58.5,795,2020-10-28 17:22:00,2020-10-29 09:10:51
2120565,5016b41fc0c4b1bdcfc4fc64b09c1b4b,LU1ESY,14.0971,-22,0,GF41,-39,-52,40,10,GF05qi,LU1ESY1,-34.6667,-58.6667,802,2020-10-28 17:22:00,2020-10-29 09:10:51
2120566,9581c56653196fe1540bd5a24db21929,LU1ESY,14.0971,-24,-1,GF41,-39,-52,40,10,GF05rk,LU7ABF,-34.5833,-58.5833,801,2020-10-28 17:22:00,2020-10-29 09:10:51
2120567,7e565b9b8978a58364dc77b1b5dc6d56,LU1ESY,14.0971,-19,0,GF41,-39,-52,40,10,GG56tv,PY2SDR,-23.125,-48.4167,1733,2020-10-28 17:22:00,2020-10-29 09:10:51
2120568,712f7cb3cb7cdf0db76192ee89aab761,LU1ESY,14.0971,-20,0,GF41,-39,-52,40,10,GG56tv,PY2GN,-23.125,-48.4167,1733,2020-10-28 17:22:00,2020-10-29 09:10:51
2120557,5c55914a741a8066e9297ff11efd0e37,LU1ESY,14.0972,-23,0,GF41,-39,-52,40,10,GF05qi,LU1ESY1,-34.6667,-58.6667,802,2020-10-28 17:34:00,2020-10-29 09:10:51
2120558,7eeebdce81913ee3a03db93470ce09b4,LU1ESY,14.0972,-22,0,GF41,-39,-52,40,10,GG56tv,PY2SDR,-23.125,-48.4167,1733,2020-10-28 17:34:00,2020-10-29 09:10:51
2120559,50cd1d4a580d9278fbd9d30394690c50,LU1ESY,14.0971,-21,1,GF41,-39,-52,40,10,FF91up,LU3DJ,-38.375,-60.3333,806,2020-10-28 17:34:00,2020-10-29 09:10:51
2120560,4fe56528ff93e04eace5b40ca5fb033c,LU1ESY,14.0971,-23,1,GF41,-39,-52,40,10,GH64cg,PT2FHC,-15.75,-47.8333,2554,2020-10-28 17:34:00,2020-10-29 09:10:51
2120561,d6ee1a916c1f98b4d3f295e2aaefc2e6,LU1ESY,14.0972,-21,1,GF41,-39,-52,40,10,IB59ui,DP0GVN,-70.6667,-8.33333,4328,2020-10-28 17:34:00,2020-10-29 09:10:51
2120562,7956b952ea9aef185fd9aa3f25791f24,LU1ESY,14.0972,-22,0,GF41,-39,-52,40,10,GG56tv,PY2GN,-23.125,-48.4167,1733,2020-10-28 17:34:00,2020-10-29 09:10:51
2120552,290d63f5ab5c4108bcaa3397beb24a0a,LU1ESY,14.0972,-22,1,GF41,-39,-52,40,10,GG56tv,PY2SDR,-23.125,-48.4167,1733,2020-10-28 17:46:00,2020-10-29 09:10:51
2120553,3334407a4a73373a08624f04b87ba0e8,LU1ESY,14.0972,-23,0,GF41,-39,-52,40,10,IB59ui,DP0GVN,-70.6667,-8.33333,4328,2020-10-28 17:46:00,2020-10-29 09:10:51
2120554,a10a490c34643aca344bc0fbae6727dc,LU1ESY,14.0971,-21,0,GF41,-39,-52,40,10,FF91up,LU3DJ,-38.375,-60.3333,806,2020-10-28 17:46:00,2020-10-29 09:10:51
2120555,665810235de49c6cf7923fc2d3469473,LU1ESY,14.0972,-22,1,GF41,-39,-52,40,10,GG56tv,PY2GN,-23.125,-48.4167,1733,2020-10-28 17:46:00,2020-10-29 09:10:51
2120556,44b3e900421abb2e90c9a3a61116b707,LU1ESY,14.0972,-25,1,GF41,-39,-52,40,10,GH64cg,PT2FHC,-15.75,-47.8333,2554,2020-10-28 17:46:00,2020-10-29 09:10:51
2120544,45e6fc359657171ba9a297e0bfc386aa,LU1ESY,14.0972,-24,0,GF40,-40,-52,40,10,GF05qi,LU1ESY1,-34.6667,-58.6667,863,2020-10-28 17:58:00,2020-10-29 09:10:51
2120545,8151d30940d535f6e899072c3c62d831,LU1ESY,14.0971,-11,0,GF40,-40,-52,40,10,FF91up,LU3DJ,-38.375,-60.3333,810,2020-10-28 17:58:00,2020-10-29 09:10:51
2120546,fb492a9df08aeeaef2d0710d1aeee485,LU1ESY,14.0972,-19,0,GF40,-40,-52,40,10,GF05rk,LU7ABF,-34.5833,-58.5833,864,2020-10-28 17:58:00,2020-10-29 09:10:51
2120547,296366235a46ee92ffaf308518cd2ab6,LU1ESY,14.0971,-20,0,GF40,-40,-52,40,10,IB59ui,DP0GVN,-70.6667,-8.33333,4224,2020-10-28 17:58:00,2020-10-29 09:10:51
2120548,6d31d50798fadffc2364b9b38a5f991b,LU1ESY,14.0972,-19,0,GF40,-40,-52,40,10,GG56tv,PY2SDR,-23.125,-48.4167,1843,2020-10-28 17:58:00,2020-10-29 09:10:51
2120549,1418626cd16cf690e50282144415c5c9,LU1ESY,14.0971,-23,-2,GF40,-40,-52,40,10,GH64cg,PT2FHC,-15.75,-47.8333,2664,2020-10-28 17:58:00,2020-10-29 09:10:51
2120550,8e635189c38548516299d85031948fb9,LU1ESY,14.0971,-21,0,GF40,-40,-52,40,10,GG56tv,PY2GN,-23.125,-48.4167,1843,2020-10-28 17:58:00,2020-10-29 09:10:51
2120551,5f95c9bb0158cdd6c03c30d4fcae2950,LU1ESY,14.0972,-26,0,GF40,-40,-52,40,10,GF05te,LU7DSU,-34.8333,-58.4167,834,2020-10-28 17:58:00,2020-10-29 09:10:51
2120539,83dec70349627fc5282c04cd5943180f,LU1ESY,14.0972,-22,0,GF40,-40,-52,40,10,GF05te,LU7DSU,-34.8333,-58.4167,834,2020-10-28 18:12:00,2020-10-29 09:10:51
2120540,fad03423e1576a621ecece34c21ac008,LU1ESY,14.0971,-16,0,GF40,-40,-52,40,10,FF91up,LU3DJ,-38.375,-60.3333,810,2020-10-28 18:12:00,2020-10-29 09:10:51
2120541,8d993cc212f8360313b6231778418ece,LU1ESY,14.0972,-24,0,GF40,-40,-52,40,10,GF05qi,LU1ESY1,-34.6667,-58.6667,863,2020-10-28 18:12:00,2020-10-29 09:10:51
2120542,4b5ef604ac827e77fea6cd81b8540e13,LU1ESY,14.0972,-19,0,GF40,-40,-52,40,10,GG56tv,PY2SDR,-23.125,-48.4167,1843,2020-10-28 18:12:00,2020-10-29 09:10:51
2120543,f17707ed3cf5b662153f25d59681ac3e,LU1ESY,14.0972,-21,0,GF40,-40,-52,40,10,GG56tv,PY2GN,-23.125,-48.4167,1843,2020-10-28 18:12:00,2020-10-29 09:10:51
2120532,4bfb27c19b8d4e4b2756d9f6a6f8f149,LU1ESY,14.0971,-21,0,GF40,-40,-52,40,10,GF05qi,LU1ESY1,-34.6667,-58.6667,863,2020-10-28 18:24:00,2020-10-29 09:10:51
2120533,c3d98fda258ef610ce0d59691724bf19,LU1ESY,14.097,-24,0,GF40,-40,-52,40,10,GF05rk,LU7ABF,-34.5833,-58.5833,864,2020-10-28 18:24:00,2020-10-29 09:10:51
2120534,dc5904598bdb09b491cd377bc7cda6e6,LU1ESY,14.0971,-24,0,GF40,-40,-52,40,10,GG56tv,PY2SDR,-23.125,-48.4167,1843,2020-10-28 18:24:00,2020-10-29 09:10:51
2120535,a4fd3da5ecae0181b27b41f2937f9a70,LU1ESY,14.097,-20,0,GF40,-40,-52,40,10,GF05te,LU7DSU,-34.8333,-58.4167,834,2020-10-28 18:24:00,2020-10-29 09:10:51
2120536,025b352c9078cf2d71f418d1a9da28ee,LU1ESY,14.097,-22,0,GF40,-40,-52,40,10,GF05sk,LU5CQC,-34.5833,-58.5,858,2020-10-28 18:24:00,2020-10-29 09:10:51
2120537,6886f521c75d52350dbc64a3ff20e4cb,LU1ESY,14.097,-24,0,GF40,-40,-52,40,10,IB59ui,DP0GVN,-70.6667,-8.33333,4224,2020-10-28 18:24:00,2020-10-29 09:10:51
2120538,c8035cfffb0a4abc27c10eaa64801bdf,LU1ESY,14.097,-25,0,GF40,-40,-52,40,10,GG56tv,PY2GN,-23.125,-48.4167,1843,2020-10-28 18:24:00,2020-10-29 09:10:51
2120527,820caf1f5fa636d768935c220c29eedd,LU1ESY,14.0972,-20,0,GF40,-40,-52,40,10,FG73ie,LU1KCQ1,-26.8333,-65.3333,1933,2020-10-28 18:38:00,2020-10-29 09:10:51
2120528,35d3dced19c051b99a16078458b9e484,LU1ESY,14.0972,-19,0,GF40,-40,-52,40,10,GF05te,LU7DSU,-34.8333,-58.4167,834,2020-10-28 18:38:00,2020-10-29 09:10:51
2120529,d3f17f1d73e74c11537430a455109970,LU1ESY,14.0972,-19,0,GF40,-40,-52,40,10,GG56tv,PY2SDR,-23.125,-48.4167,1843,2020-10-28 18:38:00,2020-10-29 09:10:51
2120530,f531da10898de6e279d7d610744bd297,LU1ESY,14.0972,-14,0,GF40,-40,-52,40,10,FF91up,LU3DJ,-38.375,-60.3333,810,2020-10-28 18:38:00,2020-10-29 09:10:51
2120531,dba9b8c43226729c29fa6d0e7e6e26d6,LU1ESY,14.0972,-22,0,GF40,-40,-52,40,10,GG56tv,PY2GN,-23.125,-48.4167,1843,2020-10-28 18:38:00,2020-10-29 09:10:51
2120520,0f9915b6dd60ad675d25f86c25e1220f,LU1ESY,14.0971,-15,0,GF50,-40,-50,40,10,GG56tv,PY2SDR,-23.125,-48.4167,1827,2020-10-28 18:50:00,2020-10-29 09:10:51
2120521,5d44ee89a17873abbb68b248b994cc31,LU1ESY,14.0971,-21,0,GF50,-40,-50,40,10,GF05te,LU7DSU,-34.8333,-58.4167,978,2020-10-28 18:50:00,2020-10-29 09:10:51
2120522,01c93e4d32ca43d7ac0413fd0406bae9,LU1ESY,14.0971,-19,0,GF50,-40,-50,40,10,IB59ui,DP0GVN,-70.6667,-8.33333,4162,2020-10-28 18:50:00,2020-10-29 09:10:51
2120523,62793671f5f158b0539d8eab59258631,LU1ESY,14.0971,-22,0,GF50,-40,-50,40,10,GF05qi,LU1ESY1,-34.6667,-58.6667,1007,2020-10-28 18:50:00,2020-10-29 09:10:51
2120524,a647a755e2fc369a6c6e31e315d3b19a,LU1ESY,14.0971,-26,0,GF50,-40,-50,40,10,GF05sk,LU5CQC,-34.5833,-58.5,1000,2020-10-28 18:50:00,2020-10-29 09:10:51
2120525,ef7a0cd58eb6fa5f24979dfda63961e2,LU1ESY,14.0971,-23,0,GF50,-40,-50,40,10,FG73ie,LU1KCQ1,-26.8333,-65.3333,2064,2020-10-28 18:50:00,2020-10-29 09:10:51
2120526,d684cb4027dad2d33a67b47322ea3517,LU1ESY,14.097,-6,0,GF50,-40,-50,40,10,FF91up,LU3DJ,-38.375,-60.3333,981,2020-10-28 18:50:00,2020-10-29 09:10:51
2120514,9c3f6238d24b9768085a284e31d3a16f,LU1ESY,14.0971,-15,0,GF50,-40,-50,40,10,GG56tv,PY2SDR,-23.125,-48.4167,1827,2020-10-28 19:02:00,2020-10-29 09:10:51
2120515,0a545e4f0e131f88d40e6ad70132f4f6,LU1ESY,14.0971,-11,0,GF50,-40,-50,40,10,FF91up,LU3DJ,-38.375,-60.3333,981,2020-10-28 19:02:00,2020-10-29 09:10:51
2120516,eba4fc564fac13a55e211618bbe7ce5a,LU1ESY,14.0971,-25,0,GF50,-40,-50,40,10,GF05te,LU7DSU,-34.8333,-58.4167,978,2020-10-28 19:02:00,2020-10-29 09:10:51
2120517,48c4bc7a80d743bc99216744f19231cd,LU1ESY,14.0971,-24,0,GF50,-40,-50,40,10,GF05qi,LU1ESY1,-34.6667,-58.6667,1007,2020-10-28 19:02:00,2020-10-29 09:10:51
2120518,27ba6eecc9e08e2a6a05629d5fb3c491,LU1ESY,14.0971,-15,1,GF50,-40,-50,40,10,IB59ui,DP0GVN,-70.6667,-8.33333,4162,2020-10-28 19:02:00,2020-10-29 09:10:51
2120519,4828e1f88e822b45a62d166def782634,LU1ESY,14.0971,-21,0,GF50,-40,-50,40,10,FG73ie,LU1KCQ1,-26.8333,-65.3333,2064,2020-10-28 19:02:00,2020-10-29 09:10:51
2120509,149baad826f7ab55e9a2d74c448f183a,LU1ESY,14.0971,-22,-1,GE59,-41,-50,40,10,FG73ie,LU1KCQ1,-26.8333,-65.3333,2134,2020-10-28 19:14:00,2020-10-29 09:10:51
2120510,833ddae3cf0fd71ed0be786cdbf49f1d,LU1ESY,14.0971,-20,-2,GE59,-41,-50,40,10,GG56tv,PY2SDR,-23.125,-48.4167,1938,2020-10-28 19:14:00,2020-10-29 09:10:51
2120511,8d9a63b4b1757166bf9d58e5468b4bab,LU1ESY,14.0971,-18,0,GE59,-41,-50,40,10,IB59ui,DP0GVN,-70.6667,-8.33333,4059,2020-10-28 19:14:00,2020-10-29 09:10:51
2120512,b0582dac0709c7893417e3cc589a8d20,LU1ESY,14.0971,-24,-1,GE59,-41,-50,40,10,GH64cg,PT2FHC,-15.75,-47.8333,2759,2020-10-28 19:14:00,2020-10-29 09:10:51
2120513,5914c7993f8b69c4e1cf0f05fffc3278,LU1ESY,14.0971,-24,-1,GE59,-41,-50,40,10,GG56tv,PY2GN,-23.125,-48.4167,1938,2020-10-28 19:14:00,2020-10-29 09:10:51
2120505,d837870904fed0cbe61b20836eb9381b,LU1ESY,14.0971,-18,0,GE59,-41,-50,40,10,FG73ie,LU1KCQ1,-26.8333,-65.3333,2134,2020-10-28 19:26:00,2020-10-29 09:10:51
2120506,ea1a0140446844de603d52ed7a47812c,LU1ESY,14.0971,-12,0,GE59,-41,-50,40,10,FF91up,LU3DJ,-38.375,-60.3333,995,2020-10-28 19:26:00,2020-10-29 09:10:51
2120507,ffc55adc0bc893762ed769e5275b2633,LU1ESY,14.0971,-21,0,GE59,-41,-50,40,10,GG56tv,PY2SDR,-23.125,-48.4167,1938,2020-10-28 19:26:00,2020-10-29 09:10:51
2120508,85e9433892111d65b905da41da7ceb4e,LU1ESY,14.0971,-22,0,GE59,-41,-50,40,10,GH64cg,PT2FHC,-15.75,-47.8333,2759,2020-10-28 19:26:00,2020-10-29 09:10:51
2120503,8ee388d609bb4c9f20afdaaaaeb8712c,LU1ESY,14.0971,-21,0,GE59,-41,-50,40,10,GG56tv,PY2SDR,-23.125,-48.4167,1938,2020-10-28 19:38:00,2020-10-29 09:10:51
2120504,022b648c540a166f2729d96931e642d5,LU1ESY,14.0971,-22,0,GE59,-41,-50,40,10,FG73ie,LU1KCQ1,-26.8333,-65.3333,2134,2020-10-28 19:38:00,2020-10-29 09:10:51
2120501,43b40b533c1b700eee6caa906882796c,LU1ESY,14.0971,-23,2,GE59,-41,-50,40,10,FG73ie,LU1KCQ1,-26.8333,-65.3333,2134,2020-10-28 19:50:00,2020-10-29 09:10:51
2120502,279299c7439a0fdc9f8a8026c4eb9234,LU1ESY,14.097,-20,0,GE59,-41,-50,40,10,FF91up,LU3DJ,-38.375,-60.3333,995,2020-10-28 19:50:00,2020-10-29 09:10:51
2120499,f65d167803d91dc6916a9096ba1f71bf,LU1ESY,10.1402,-15,0,HD89,-51,-24,40,10,IB59ui,DP0GVN,-70.6667,-8.33333,2363,2020-10-29 08:56:00,2020-10-29 09:10:51
2120500,2f32c9da08242f91f651e292da913ca4,LU1ESY,10.1402,-18,0,HD89,-51,-24,40,10,IB59ui,DP0GVN-1,-70.6667,-8.33333,2363,2020-10-29 08:56:00,2020-10-29 09:10:51
2120497,09448ecbc40e5748daacc247fe0eefcd,LU1ESY,14.0971,1,0,HD89,-51,-24,40,10,IB59ui,DP0GVN,-70.6667,-8.33333,2363,2020-10-29 08:58:00,2020-10-29 09:10:51
2120498,a3efd21e75b7490cc0fc85885071b28b,LU1ESY,14.0971,-18,0,HD89,-51,-24,40,10,GG56tv,PY2GN,-23.125,-48.4167,3753,2020-10-29 08:58:00,2020-10-29 09:10:51
2120496,d07c7a625da227d362d81dd8f687d4b2,LU1ESY,10.1402,-10,0,HD89,-51,-24,40,10,IB59ui,DP0GVN,-70.6667,-8.33333,2363,2020-10-29 09:10:00,2020-10-29 09:10:51
2120493,a6c24465a70d8dd58463d49728ce3990,LU1ESY,14.0972,-27,0,HD89,-51,-24,40,10,GH64cg,PT2FHC,-15.75,-47.8333,4458,2020-10-29 09:12:00,2020-10-29 09:10:51
2120494,28563e6fff1270afed13673ec017fb89,LU1ESY,14.0972,-22,0,HD89,-51,-24,40,10,IB59ui,DP0GVN,-70.6667,-8.33333,2363,2020-10-29 09:12:00,2020-10-29 09:10:51
2120495,5851c320d738e098f38721b73fe84d33,LU1ESY,14.0972,-24,0,HD89,-51,-24,40,10,IB59ui,DP0GVN-1,-70.6667,-8.33333,2363,2020-10-29 09:12:00,2020-10-29 09:10:51
2120492,dfe153097b54083e8daca4e1972c725b,LU1ESY,14.0972,-24,0,HD99,-51,-22,40,10,GH64cg,PT2FHC,-15.75,-47.8333,4549,2020-10-29 09:24:00,2020-10-29 09:10:51
2120491,7d3c159a0323c885bba10f37b8b60ad0,LU1ESY,14.0972,-22,0,HD99,-51,-22,40,10,IB59ui,DP0GVN,-70.6667,-8.33333,2332,2020-10-29 09:36:00,2020-10-29 09:10:51
2120490,7a87ded6336360ca178bae167fab40d5,LU1ESY,14.0971,-13,0,ID09,-51,-20,40,10,IB59ui,DP0GVN,-70.6667,-8.33333,2305,2020-10-29 10:00:00,2020-10-29 09:10:51
2120488,572f81d323f53ee84c5ff0f39fe369f1,LU1ESY,14.0972,-23,0,ID09,-51,-20,40,10,IB59ui,DP0GVN,-70.6667,-8.33333,2305,2020-10-29 10:24:00,2020-10-29 09:10:51
2120489,30f1455aae0da7dd83478a8bca2783c5,LU1ESY,14.0971,-27,1,ID09,-51,-20,40,10,FF91up,LU3DJ,-38.375,-60.3333,3488,2020-10-29 10:24:00,2020-10-29 09:10:51
2120487,a399a9ae03e95e91bbfa3381d27779fe,LU1ESY,14.0971,-25,0,IE00,-50,-20,40,10,GG56tv,PY2GN,-23.125,-48.4167,3893,2020-10-29 10:36:00,2020-10-29 09:10:51
2120486,98223aa9e01b5947311af7753de28261,LU1ESY,10.1401,-24,0,IE10,-50,-18,40,10,IB59ui,DP0GVN,-70.6667,-8.33333,2393,2020-10-29 10:46:00,2020-10-29 09:10:51
2120484,74f79e68bc212da81b79241e8556ec1a,LU1ESY,14.0971,-17,0,IE10,-50,-18,40,10,IB59ui,DP0GVN,-70.6667,-8.33333,2393,2020-10-29 10:48:00,2020-10-29 09:10:51
2120485,b34b6729da7a707150add62baffbf39b,LU1ESY,14.0971,-19,-1,IE10,-50,-18,40,10,IB59ui,DP0GVN-1,-70.6667,-8.33333,2393,2020-10-29 10:48:00,2020-10-29 09:10:51
2120482,5d41ce677903d213dd94149c04fbd478,LU1ESY,14.0972,-30,0,IE10,-50,-18,40,10,IB59ui,DP0GVN,-70.6667,-8.33333,2393,2020-10-29 11:12:00,2020-10-29 09:10:51
2120483,b4d4cb5f3fae967be98f21ba967ee225,LU1ESY,14.0972,-27,0,IE10,-50,-18,40,10,FF91up,LU3DJ,-38.375,-60.3333,3621,2020-10-29 11:12:00,2020-10-29 09:10:51
2120481,dd9dbcd0b180c9fe2e0e988ae1694d14,LU1ESY,14.097,-24,0,IE10,-50,-18,40,10,FF91up,LU3DJ,-38.375,-60.3333,3621,2020-10-29 11:36:00,2020-10-29 09:10:51
2120696,6c7ddfbb30d12429f61ddd0d4477d69a,LU1ESY,10.1402,-6,1,IE20,-50,-16,40,10,IB59ui,DP0GVN,-70.6667,-8.33333,2375,2020-10-29 12:12:00,2020-10-29 13:10:51
2120695,42f667bdb14939286709e042e79f3b80,LU1ESY,14.0972,-28,0,IE31,-49,-14,40,10,GG56tv,PY2SDR,-23.125,-48.4167,4194,2020-10-29 12:38:00,2020-10-29 13:10:51
2120693,42c9e001a2e691388a792a66cfcf67c9,LU1ESY,14.0972,-24,0,IE31,-49,-14,40,10,IB59ui,DP0GVN-1,-70.6667,-8.33333,2473,2020-10-29 12:50:00,2020-10-29 13:10:51
2120694,6254b7c8219733f646cec823c4b28adc,LU1ESY,14.0972,-28,0,IE31,-49,-14,40,10,IB59ui,DP0GVN,-70.6667,-8.33333,2473,2020-10-29 12:50:00,2020-10-29 13:10:51
2120692,a05d10b7ad8b8198aa4d2256a8b1853a,LU1ESY,14.0971,-8,3,IE31,-49,-14,40,10,IB59ui,DP0GVN,-70.6667,-8.33333,2473,2020-10-29 13:14:00,2020-10-29 13:10:51
2120691,0fd60482014eafcfed6b5f89ce13cdb5,LU1ESY,14.0971,-19,3,IE31,-49,-14,40,10,IB59ui,DP0GVN,-70.6667,-8.33333,2473,2020-10-29 13:26:00,2020-10-29 13:10:51
2120690,949df2e498b1c06cbf2afd016e1ae9d9,LU1ESY,14.0971,-18,4,IE42,-48,-12,40,10,IB59ui,DP0GVN,-70.6667,-8.33333,2576,2020-10-29 14:02:00,2020-10-29 13:10:51
2120689,678f92f158576369007c78689f763bab,LU1ESY,14.0971,7,-2,IE42,-48,-12,40,10,IB59ui,DP0GVN,-70.6667,-8.33333,2576,2020-10-29 14:14:00,2020-10-29 13:10:51
2120688,e0104e4676ee6ed5cb0846ef37550242,LU1ESY,14.0972,-21,-2,IE42,-48,-12,40,10,IB59ui,DP0GVN,-70.6667,-8.33333,2576,2020-10-29 14:26:00,2020-10-29 13:10:51
2120687,5cc32d3348d93e55ef1c226f3bcc4ef0,LU1ESY,14.0971,-21,-1,IE52,-48,-10,40,10,IB59ui,DP0GVN,-70.6667,-8.33333,2572,2020-10-29 14:50:00,2020-10-29 13:10:51
2120685,fdf300e88c4955fec96e59a59cf9c205,LU1ESY,14.0972,-26,-4,IE52,-48,-10,40,10,IB59ui,DP0GVN-1,-70.6667,-8.33333,2572,2020-10-29 15:04:00,2020-10-29 13:10:51
2120686,a3fe133e42b0236cbfd68bc0a35ba850,LU1ESY,14.0972,-23,-4,IE52,-48,-10,40,10,IB59ui,DP0GVN,-70.6667,-8.33333,2572,2020-10-29 15:04:00,2020-10-29 13:10:51
2120684,60f8c6c772ea0b4ec044f61740b991ac,LU1ESY,10.1403,-22,-4,IE53,-47,-10,40,10,IB59ui,DP0GVN,-70.6667,-8.33333,2683,2020-10-29 15:52:00,2020-10-29 13:10:51
2120682,37b3c980ef73910b1c1e7ee5704dfe72,LU1ESY,14.0971,-13,0,IE53,-47,-10,40,10,IB59ui,DP0GVN,-70.6667,-8.33333,2683,2020-10-29 15:54:00,2020-10-29 13:10:51
2120683,f14826066b37f7ddde1f1d42570d78de,LU1ESY,14.0971,-25,0,IE53,-47,-10,40,10,KG44df,ZS6VOL,-25.7917,28.25,4012,2020-10-29 15:54:00,2020-10-29 13:10:51
2120681,e3646cf1f35fb13c1d1ea646a1de34fd,LU1ESY,14.0971,-23,0,IE63,-47,-8,40,10,KG44df,ZS6VOL,-25.7917,28.25,3871,2020-10-29 16:06:00,2020-10-29 13:10:51
2121181,98ef8b9584be43f7c74eadd758199620,LU1ESY,14.0971,-26,0,IE63,-47,-8,40,10,KG44df,ZS6VOL,-25.7917,28.25,3871,2020-10-29 16:42:00,2020-10-29 13:44:32
2121281,51c673623aff9c2d67e2474c822fd484,LU1ESY,14.0971,-19,-1,IE63,-47,-8,40,10,IB59ui,DP0GVN,-70.6667,-8.33333,2683,2020-10-29 16:42:00,2020-10-29 13:51:12
2134581,32603d282b423bdac73a310ab1508833,LU1ESY,14.0972,-26,0,JF06,-34,0,40,10,IB59ui,DP0GVN,-70.6667,-8.33333,4166,2020-10-30 07:42:00,2020-10-30 04:49:25
2134881,85b6be6b667c3dd6cc8f580d7bcc8c58,LU1ESY,14.0971,-15,0,JF06,-34,0,40,10,IB59ui,DP0GVN,-70.6667,-8.33333,4166,2020-10-30 08:06:00,2020-10-30 05:09:33
2135481,6c208f31f49f81372007849e8eafeb83,LU1ESY,14.0972,-23,0,JF07,-33,0,40,10,IB59ui,DP0GVN,-70.6667,-8.33333,4277,2020-10-30 08:46:00,2020-10-30 05:49:59
2136081,b9adcfebc6aff479fbee614f677efb3e,LU1ESY,14.0971,-19,0,JF07,-33,0,40,10,IB59ui,DP0GVN,-70.6667,-8.33333,4277,2020-10-30 09:22:00,2020-10-30 06:30:53
2136181,c4096cce77b418e3b10233098809b624,LU1ESY,14.0972,-28,-1,JF07,-33,0,40,10,KG44df,ZS6VOL,-25.7917,28.25,2750,2020-10-30 09:34:00,2020-10-30 06:37:34
2136781,6b0ce70a6539998c3b42d7182641ca6b,LU1ESY,14.0971,-15,-1,JF07,-33,0,40,10,IB59ui,DP0GVN,-70.6667,-8.33333,4277,2020-10-30 10:10:00,2020-10-30 07:18:31
2138081,d260f5c7bd5ad2162eceae160ad829ac,LU1ESY,14.0971,-24,0,JF07,-33,0,40,10,KG44df,ZS6VOL,-25.7917,28.25,2750,2020-10-30 11:42:00,2020-10-30 08:48:37
2138281,21e051e4bd1df4504b16508f851d4296,LU1ESY,14.0971,-18,-1,IF97,-33,-2,40,10,IB59ui,DP0GVN,-70.6667,-8.33333,4262,2020-10-30 11:54:00,2020-10-30 09:02:06
2138282,16eb7e6e215b48954c8f5d91921238a7,LU1ESY,14.0971,-24,0,IF97,-33,-2,40,10,KG44df,ZS6VOL,-25.7917,28.25,2936,2020-10-30 11:54:00,2020-10-30 09:02:06
2138581,c0f6e44d26ecda0d4f3900097302481f,LU1ESY,14.097,-25,-1,IF98,-32,-2,40,10,IB59ui,DP0GVN,-70.6667,-8.33333,4373,2020-10-30 12:18:00,2020-10-30 09:22:22
2138582,818ed4e9e747bd6d730539bfaa4c819f,LU1ESY,14.0971,-26,-1,IF98,-32,-2,40,10,GG56tv,PY2SDR,-23.125,-48.4167,4733,2020-10-30 12:18:00,2020-10-30 09:22:22
2138583,c09794f72ff243777a7f721c15893dea,LU1ESY,14.097,-22,0,IF98,-32,-2,40,10,KG44df,ZS6VOL,-25.7917,28.25,2924,2020-10-30 12:18:00,2020-10-30 09:22:22
2139081,98ab654e87677e7611f067fa2cb6889f,LU1ESY,14.0972,-26,0,IF98,-32,-2,40,10,GG56tv,PY2SDR,-23.125,-48.4167,4733,2020-10-30 12:54:00,2020-10-30 09:56:36
2139681,a02019f39299b3057bd27b9430011f4b,LU1ESY,14.0972,-25,0,IF98,-32,-2,40,10,KG44df,ZS6VOL,-25.7917,28.25,2924,2020-10-30 13:32:00,2020-10-30 10:39:30
2139881,1041ab0fdce55819a330ded5632ca012,LU1ESY,14.097,-22,0,IF98,-32,-2,40,10,KG44df,ZS6VOL,-25.7917,28.25,2924,2020-10-30 13:44:00,2020-10-30 10:53:07
2140181,e4477f188e15877f9c3e13bb59445a2f,LU1ESY,14.0971,-23,0,IF98,-32,-2,40,10,KG44df,ZS6VOL,-25.7917,28.25,2924,2020-10-30 14:08:00,2020-10-30 11:14:34
2140381,8bbcfdc83fa2d347611b2996a643b462,LU1ESY,14.0971,-20,-1,IF98,-32,-2,40,10,KG44df,ZS6VOL,-25.7917,28.25,2924,2020-10-30 14:20:00,2020-10-30 11:27:59
2140481,c8ed8b5799136d9db7653191b0cb81b1,LU1ESY,14.0971,-22,0,IF98,-32,-2,40,10,KG44df,ZS6VOL,-25.7917,28.25,2924,2020-10-30 14:32:00,2020-10-30 11:34:50
2140681,fe506afc1a41f2b17ec54eaca71193a6,LU1ESY,14.0971,-23,0,IF98,-32,-2,40,10,KG44df,ZS6VOL,-25.7917,28.25,2924,2020-10-30 14:44:00,2020-10-30 11:48:20
2140881,2b6ec433b809b0ae3a11718dfd59880c,LU1ESY,14.0971,-22,0,IF98,-32,-2,40,10,KG44df,ZS6VOL,-25.7917,28.25,2924,2020-10-30 14:56:00,2020-10-30 12:01:42
2141281,9d54d2cf766b060050ea7881cbeda40b,LU1ESY,14.0971,-20,0,IF98,-32,-2,40,10,IB59ui,DP0GVN,-70.6667,-8.33333,4373,2020-10-30 15:22:00,2020-10-30 12:28:39
2141481,a8de49ff456d29f4cd85b0aa481d6d1f,LU1ESY,14.0971,-18,-1,IF98,-32,-2,40,10,IB59ui,DP0GVN,-70.6667,-8.33333,4373,2020-10-30 15:34:00,2020-10-30 12:42:08
2156381,d6b66340ea9e790a55ab97076c324ab4,LU1ESY,14.0972,-30,0,IG52,-28,-10,40,10,GG56tv,PY2GN,-23.125,-48.4167,3968,2020-10-31 08:14:00,2020-10-31 05:22:32
2156581,b3f6dcde19aaea01197ee6734d3ab875,LU1ESY,14.0972,-26,-1,IG52,-28,-10,40,10,IB59ui,DP0GVN,-70.6667,-8.33333,4796,2020-10-31 08:26:00,2020-10-31 05:35:53
2157281,310f5b9762bb5b8107963a2fcda2189b,LU1ESY,14.0971,-23,-1,IG52,-28,-10,40,10,GH64cg,PT2FHC,-15.75,-47.8333,4194,2020-10-31 09:16:00,2020-10-31 06:22:56
2159881,41c4fb5c9b240a17d06b5b02270f2cff,LU1ESY,14.0971,-26,0,IG54,-26,-10,40,10,GG56tv,PY2SDR,-23.125,-48.4167,3981,2020-10-31 12:18:00,2020-10-31 09:21:24
2160081,3951710a4a852d8fed137cc05c74219a,LU1ESY,14.0971,-26,0,IG54,-26,-10,40,10,GG56tv,PY2SDR,-23.125,-48.4167,3981,2020-10-31 12:30:00,2020-10-31 09:34:58
2160481,f687ab175877247d06be1ccc00229a4c,LU1ESY,14.097,-24,0,IG64,-26,-8,40,10,GG56tv,PY2SDR,-23.125,-48.4167,4181,2020-10-31 12:54:00,2020-10-31 10:01:54
2160581,536ea3cf8fed1094a06cdadd6ebe0833,LU1ESY,14.0971,-22,0,IG64,-26,-8,40,10,GG56tv,PY2SDR,-23.125,-48.4167,4181,2020-10-31 13:06:00,2020-10-31 10:08:56
2160781,d560532925ea6d8ef35126164a734ee9,LU1ESY,14.0971,-24,1,IG64,-26,-8,40,10,GG56tv,PY2SDR,-23.125,-48.4167,4181,2020-10-31 13:18:00,2020-10-31 10:22:52
2160981,e8c6fc369d6370ad3457b4135eda8201,LU1ESY,14.0972,-22,0,IG64,-26,-8,40,10,GG56tv,PY2SDR,-23.125,-48.4167,4181,2020-10-31 13:32:00,2020-10-31 10:36:29
2161181,30a14b0fd6237ce3cdc177ac35d282ff,LU1ESY,14.0972,-26,0,IG64,-26,-8,40,10,GG56tv,PY2SDR,-23.125,-48.4167,4181,2020-10-31 13:44:00,2020-10-31 10:49:52
2161182,25c178cb75ee4f51de1213ae81a27561,LU1ESY,14.0972,-24,1,IG64,-26,-8,40,10,GH64cg,PT2FHC,-15.75,-47.8333,4360,2020-10-31 13:44:00,2020-10-31 10:49:52
2161381,af5f8180221e97830887ae35aa6c1475,LU1ESY,14.0972,-27,0,IG64,-26,-8,40,10,GG56tv,PY2SDR,-23.125,-48.4167,4181,2020-10-31 13:56:00,2020-10-31 11:03:21
2161681,c31bd90ef359ea368508ef385c902f76,LU1ESY,14.097,-27,0,IG64,-26,-8,40,10,GG56tv,PY2SDR,-23.125,-48.4167,4181,2020-10-31 14:20:00,2020-10-31 11:24:32
2161881,9cf40d2a3a94414ed7d07c28338b0ed8,LU1ESY,14.0972,-24,-1,IG64,-26,-8,40,10,GG56tv,PY2SDR,-23.125,-48.4167,4181,2020-10-31 14:34:00,2020-10-31 11:37:58
2162081,577abf5cd643409eb449dd3c06dcec10,LU1ESY,14.0971,-25,1,IG64,-26,-8,40,10,GG56tv,PY2SDR,-23.125,-48.4167,4181,2020-10-31 14:46:00,2020-10-31 11:51:25
2162481,97148ff58acf30799c5c385c7259a051,LU1ESY,14.0971,-22,0,IG64,-26,-8,40,10,GG56tv,PY2SDR,-23.125,-48.4167,4181,2020-10-31 15:12:00,2020-10-31 12:18:58
2162681,f45699bd4253971539e5364b642d9fc2,LU1ESY,14.0971,-25,0,IG64,-26,-8,40,10,GG56tv,PY2SDR,-23.125,-48.4167,4181,2020-10-31 15:24:00,2020-10-31 12:32:55
2162881,228055c8fd00a7d9777a35ed46911231,LU1ESY,14.0971,-23,0,IG74,-26,-6,40,10,GG56tv,PY2SDR,-23.125,-48.4167,4380,2020-10-31 15:38:00,2020-10-31 12:47:20
